date_id,date,year,month,month_name,day,day_of_week,day_name,week_of_year,quarter
20240105,2024-01-05,2024,1,January,5,6,Friday,0,1
20200103,2020-01-03,2020,1,January,3,6,Friday,0,1
20220107,2022-01-07,2022,1,January,7,6,Friday,1,1
20240112,2024-01-12,2024,1,January,12,6,Friday,1,1
20200110,2020-01-10,2020,1,January,10,6,Friday,1,1
20210108,2021-01-08,2021,1,January,8,6,Friday,1,1
20230106,2023-01-06,2023,1,January,6,6,Friday,1,1
20240119,2024-01-19,2024,1,January,19,6,Friday,2,1
20220114,2022-01-14,2022,1,January,14,6,Friday,2,1
20230113,2023-01-13,2023,1,January,13,6,Friday,2,1
20210115,2021-01-15,2021,1,January,15,6,Friday,2,1
20200117,2020-01-17,2020,1,January,17,6,Friday,2,1
20240126,2024-01-26,2024,1,January,26,6,Friday,3,1
20220121,2022-01-21,2022,1,January,21,6,Friday,3,1
20230120,2023-01-20,2023,1,January,20,6,Friday,3,1
20200124,2020-01-24,2020,1,January,24,6,Friday,3,1
20210122,2021-01-22,2021,1,January,22,6,Friday,3,1
20220128,2022-01-28,2022,1,January,28,6,Friday,4,1
20230127,2023-01-27,2023,1,January,27,6,Friday,4,1
20200131,2020-01-31,2020,1,January,31,6,Friday,4,1
20210129,2021-01-29,2021,1,January,29,6,Friday,4,1
20240202,2024-02-02,2024,2,February,2,6,Friday,4,1
20220204,2022-02-04,2022,2,February,4,6,Friday,5,1
20240209,2024-02-09,2024,2,February,9,6,Friday,5,1
20200207,2020-02-07,2020,2,February,7,6,Friday,5,1
20210205,2021-02-05,2021,2,February,5,6,Friday,5,1
20230203,2023-02-03,2023,2,February,3,6,Friday,5,1
20230210,2023-02-10,2023,2,February,10,6,Friday,6,1
20200214,2020-02-14,2020,2,February,14,6,Friday,6,1
20210212,2021-02-12,2021,2,February,12,6,Friday,6,1
20240216,2024-02-16,2024,2,February,16,6,Friday,6,1
20220211,2022-02-11,2022,2,February,11,6,Friday,6,1
20230217,2023-02-17,2023,2,February,17,6,Friday,7,1
20220218,2022-02-18,2022,2,February,18,6,Friday,7,1
20240223,2024-02-23,2024,2,February,23,6,Friday,7,1
20210219,2021-02-19,2021,2,February,19,6,Friday,7,1
20200221,2020-02-21,2020,2,February,21,6,Friday,7,1
20220225,2022-02-25,2022,2,February,25,6,Friday,8,1
20200228,2020-02-28,2020,2,February,28,6,Friday,8,1
20230224,2023-02-24,2023,2,February,24,6,Friday,8,1
20210226,2021-02-26,2021,2,February,26,6,Friday,8,1
20240301,2024-03-01,2024,3,March,1,6,Friday,8,1
20230303,2023-03-03,2023,3,March,3,6,Friday,9,1
20200306,2020-03-06,2020,3,March,6,6,Friday,9,1
20220304,2022-03-04,2022,3,March,4,6,Friday,9,1
20240308,2024-03-08,2024,3,March,8,6,Friday,9,1
20210305,2021-03-05,2021,3,March,5,6,Friday,9,1
20200313,2020-03-13,2020,3,March,13,6,Friday,10,1
20220311,2022-03-11,2022,3,March,11,6,Friday,10,1
20240315,2024-03-15,2024,3,March,15,6,Friday,10,1
20210312,2021-03-12,2021,3,March,12,6,Friday,10,1
20230310,2023-03-10,2023,3,March,10,6,Friday,10,1
20200320,2020-03-20,2020,3,March,20,6,Friday,11,1
20210319,2021-03-19,2021,3,March,19,6,Friday,11,1
20230317,2023-03-17,2023,3,March,17,6,Friday,11,1
20220318,2022-03-18,2022,3,March,18,6,Friday,11,1
20240322,2024-03-22,2024,3,March,22,6,Friday,11,1
20210326,2021-03-26,2021,3,March,26,6,Friday,12,1
20200327,2020-03-27,2020,3,March,27,6,Friday,12,1
20220325,2022-03-25,2022,3,March,25,6,Friday,12,1
20230324,2023-03-24,2023,3,March,24,6,Friday,12,1
20230331,2023-03-31,2023,3,March,31,6,Friday,13,1
20240405,2024-04-05,2024,4,April,5,6,Friday,13,2
20200403,2020-04-03,2020,4,April,3,6,Friday,13,2
20220401,2022-04-01,2022,4,April,1,6,Friday,13,2
20210409,2021-04-09,2021,4,April,9,6,Friday,14,2
20220408,2022-04-08,2022,4,April,8,6,Friday,14,2
20240412,2024-04-12,2024,4,April,12,6,Friday,14,2
20240419,2024-04-19,2024,4,April,19,6,Friday,15,2
20200417,2020-04-17,2020,4,April,17,6,Friday,15,2
20210416,2021-04-16,2021,4,April,16,6,Friday,15,2
20230414,2023-04-14,2023,4,April,14,6,Friday,15,2
20220422,2022-04-22,2022,4,April,22,6,Friday,16,2
20210423,2021-04-23,2021,4,April,23,6,Friday,16,2
20200424,2020-04-24,2020,4,April,24,6,Friday,16,2
20240426,2024-04-26,2024,4,April,26,6,Friday,16,2
20230421,2023-04-21,2023,4,April,21,6,Friday,16,2
20210430,2021-04-30,2021,4,April,30,6,Friday,17,2
20220429,2022-04-29,2022,4,April,29,6,Friday,17,2
20230428,2023-04-28,2023,4,April,28,6,Friday,17,2
20200501,2020-05-01,2020,5,May,1,6,Friday,17,2
20240503,2024-05-03,2024,5,May,3,6,Friday,17,2
20210507,2021-05-07,2021,5,May,7,6,Friday,18,2
20230505,2023-05-05,2023,5,May,5,6,Friday,18,2
20200508,2020-05-08,2020,5,May,8,6,Friday,18,2
20220506,2022-05-06,2022,5,May,6,6,Friday,18,2
20240510,2024-05-10,2024,5,May,10,6,Friday,18,2
20210514,2021-05-14,2021,5,May,14,6,Friday,19,2
20240517,2024-05-17,2024,5,May,17,6,Friday,19,2
20220513,2022-05-13,2022,5,May,13,6,Friday,19,2
20230512,2023-05-12,2023,5,May,12,6,Friday,19,2
20200515,2020-05-15,2020,5,May,15,6,Friday,19,2
20210521,2021-05-21,2021,5,May,21,6,Friday,20,2
20200522,2020-05-22,2020,5,May,22,6,Friday,20,2
20240524,2024-05-24,2024,5,May,24,6,Friday,20,2
20230519,2023-05-19,2023,5,May,19,6,Friday,20,2
20220520,2022-05-20,2022,5,May,20,6,Friday,20,2
20230526,2023-05-26,2023,5,May,26,6,Friday,21,2
20210528,2021-05-28,2021,5,May,28,6,Friday,21,2
20220527,2022-05-27,2022,5,May,27,6,Friday,21,2
20200529,2020-05-29,2020,5,May,29,6,Friday,21,2
20240531,2024-05-31,2024,5,May,31,6,Friday,21,2
20240607,2024-06-07,2024,6,June,7,6,Friday,22,2
20210604,2021-06-04,2021,6,June,4,6,Friday,22,2
20220603,2022-06-03,2022,6,June,3,6,Friday,22,2
20200605,2020-06-05,2020,6,June,5,6,Friday,22,2
20230602,2023-06-02,2023,6,June,2,6,Friday,22,2
20210611,2021-06-11,2021,6,June,11,6,Friday,23,2
20240614,2024-06-14,2024,6,June,14,6,Friday,23,2
20220610,2022-06-10,2022,6,June,10,6,Friday,23,2
20230609,2023-06-09,2023,6,June,9,6,Friday,23,2
20200612,2020-06-12,2020,6,June,12,6,Friday,23,2
20200619,2020-06-19,2020,6,June,19,6,Friday,24,2
20230616,2023-06-16,2023,6,June,16,6,Friday,24,2
20220617,2022-06-17,2022,6,June,17,6,Friday,24,2
20210618,2021-06-18,2021,6,June,18,6,Friday,24,2
20240621,2024-06-21,2024,6,June,21,6,Friday,24,2
20240628,2024-06-28,2024,6,June,28,6,Friday,25,2
20210625,2021-06-25,2021,6,June,25,6,Friday,25,2
20200626,2020-06-26,2020,6,June,26,6,Friday,25,2
20230623,2023-06-23,2023,6,June,23,6,Friday,25,2
20220624,2022-06-24,2022,6,June,24,6,Friday,25,2
20230630,2023-06-30,2023,6,June,30,6,Friday,26,2
20240705,2024-07-05,2024,7,July,5,6,Friday,26,3
20220701,2022-07-01,2022,7,July,1,6,Friday,26,3
20210702,2021-07-02,2021,7,July,2,6,Friday,26,3
20210709,2021-07-09,2021,7,July,9,6,Friday,27,3
20240712,2024-07-12,2024,7,July,12,6,Friday,27,3
20220708,2022-07-08,2022,7,July,8,6,Friday,27,3
20200710,2020-07-10,2020,7,July,10,6,Friday,27,3
20230707,2023-07-07,2023,7,July,7,6,Friday,27,3
20200717,2020-07-17,2020,7,July,17,6,Friday,28,3
20230714,2023-07-14,2023,7,July,14,6,Friday,28,3
20210716,2021-07-16,2021,7,July,16,6,Friday,28,3
20220715,2022-07-15,2022,7,July,15,6,Friday,28,3
20240719,2024-07-19,2024,7,July,19,6,Friday,28,3
20240726,2024-07-26,2024,7,July,26,6,Friday,29,3
20220722,2022-07-22,2022,7,July,22,6,Friday,29,3
20200724,2020-07-24,2020,7,July,24,6,Friday,29,3
20230721,2023-07-21,2023,7,July,21,6,Friday,29,3
20210723,2021-07-23,2021,7,July,23,6,Friday,29,3
20220729,2022-07-29,2022,7,July,29,6,Friday,30,3
20210730,2021-07-30,2021,7,July,30,6,Friday,30,3
20200731,2020-07-31,2020,7,July,31,6,Friday,30,3
20230728,2023-07-28,2023,7,July,28,6,Friday,30,3
20240802,2024-08-02,2024,8,August,2,6,Friday,30,3
20200807,2020-08-07,2020,8,August,7,6,Friday,31,3
20210806,2021-08-06,2021,8,August,6,6,Friday,31,3
20220805,2022-08-05,2022,8,August,5,6,Friday,31,3
20240809,2024-08-09,2024,8,August,9,6,Friday,31,3
20230804,2023-08-04,2023,8,August,4,6,Friday,31,3
20220812,2022-08-12,2022,8,August,12,6,Friday,32,3
20210813,2021-08-13,2021,8,August,13,6,Friday,32,3
20240816,2024-08-16,2024,8,August,16,6,Friday,32,3
20230811,2023-08-11,2023,8,August,11,6,Friday,32,3
20200814,2020-08-14,2020,8,August,14,6,Friday,32,3
20200821,2020-08-21,2020,8,August,21,6,Friday,33,3
20240823,2024-08-23,2024,8,August,23,6,Friday,33,3
20220819,2022-08-19,2022,8,August,19,6,Friday,33,3
20210820,2021-08-20,2021,8,August,20,6,Friday,33,3
20230818,2023-08-18,2023,8,August,18,6,Friday,33,3
20220826,2022-08-26,2022,8,August,26,6,Friday,34,3
20210827,2021-08-27,2021,8,August,27,6,Friday,34,3
20230825,2023-08-25,2023,8,August,25,6,Friday,34,3
20200828,2020-08-28,2020,8,August,28,6,Friday,34,3
20240830,2024-08-30,2024,8,August,30,6,Friday,34,3
20220902,2022-09-02,2022,9,September,2,6,Friday,35,3
20230901,2023-09-01,2023,9,September,1,6,Friday,35,3
20200904,2020-09-04,2020,9,September,4,6,Friday,35,3
20210903,2021-09-03,2021,9,September,3,6,Friday,35,3
20240906,2024-09-06,2024,9,September,6,6,Friday,35,3
20210910,2021-09-10,2021,9,September,10,6,Friday,36,3
20230908,2023-09-08,2023,9,September,8,6,Friday,36,3
20220909,2022-09-09,2022,9,September,9,6,Friday,36,3
20240913,2024-09-13,2024,9,September,13,6,Friday,36,3
20200911,2020-09-11,2020,9,September,11,6,Friday,36,3
20200918,2020-09-18,2020,9,September,18,6,Friday,37,3
20210917,2021-09-17,2021,9,September,17,6,Friday,37,3
20240920,2024-09-20,2024,9,September,20,6,Friday,37,3
20230915,2023-09-15,2023,9,September,15,6,Friday,37,3
20220916,2022-09-16,2022,9,September,16,6,Friday,37,3
20210924,2021-09-24,2021,9,September,24,6,Friday,38,3
20220923,2022-09-23,2022,9,September,23,6,Friday,38,3
20200925,2020-09-25,2020,9,September,25,6,Friday,38,3
20230922,2023-09-22,2023,9,September,22,6,Friday,38,3
20230929,2023-09-29,2023,9,September,29,6,Friday,39,3
20220930,2022-09-30,2022,9,September,30,6,Friday,39,3
20201002,2020-10-02,2020,10,October,2,6,Friday,39,4
20211001,2021-10-01,2021,10,October,1,6,Friday,39,4
20231006,2023-10-06,2023,10,October,6,6,Friday,40,4
20201009,2020-10-09,2020,10,October,9,6,Friday,40,4
20221007,2022-10-07,2022,10,October,7,6,Friday,40,4
20211008,2021-10-08,2021,10,October,8,6,Friday,40,4
20201016,2020-10-16,2020,10,October,16,6,Friday,41,4
20211015,2021-10-15,2021,10,October,15,6,Friday,41,4
20221014,2022-10-14,2022,10,October,14,6,Friday,41,4
20231013,2023-10-13,2023,10,October,13,6,Friday,41,4
20211022,2021-10-22,2021,10,October,22,6,Friday,42,4
20231020,2023-10-20,2023,10,October,20,6,Friday,42,4
20201023,2020-10-23,2020,10,October,23,6,Friday,42,4
20221021,2022-10-21,2022,10,October,21,6,Friday,42,4
20231027,2023-10-27,2023,10,October,27,6,Friday,43,4
20201030,2020-10-30,2020,10,October,30,6,Friday,43,4
20211029,2021-10-29,2021,10,October,29,6,Friday,43,4
20221028,2022-10-28,2022,10,October,28,6,Friday,43,4
20221104,2022-11-04,2022,11,November,4,6,Friday,44,4
20211105,2021-11-05,2021,11,November,5,6,Friday,44,4
20201106,2020-11-06,2020,11,November,6,6,Friday,44,4
20231103,2023-11-03,2023,11,November,3,6,Friday,44,4
20231110,2023-11-10,2023,11,November,10,6,Friday,45,4
20211112,2021-11-12,2021,11,November,12,6,Friday,45,4
20221111,2022-11-11,2022,11,November,11,6,Friday,45,4
20201113,2020-11-13,2020,11,November,13,6,Friday,45,4
20231117,2023-11-17,2023,11,November,17,6,Friday,46,4
20201120,2020-11-20,2020,11,November,20,6,Friday,46,4
20211119,2021-11-19,2021,11,November,19,6,Friday,46,4
20221118,2022-11-18,2022,11,November,18,6,Friday,46,4
20211126,2021-11-26,2021,11,November,26,6,Friday,47,4
20201127,2020-11-27,2020,11,November,27,6,Friday,47,4
20231124,2023-11-24,2023,11,November,24,6,Friday,47,4
20221125,2022-11-25,2022,11,November,25,6,Friday,47,4
20221202,2022-12-02,2022,12,December,2,6,Friday,48,4
20211203,2021-12-03,2021,12,December,3,6,Friday,48,4
20231201,2023-12-01,2023,12,December,1,6,Friday,48,4
20201204,2020-12-04,2020,12,December,4,6,Friday,48,4
20201211,2020-12-11,2020,12,December,11,6,Friday,49,4
20221209,2022-12-09,2022,12,December,9,6,Friday,49,4
20231208,2023-12-08,2023,12,December,8,6,Friday,49,4
20211210,2021-12-10,2021,12,December,10,6,Friday,49,4
20221216,2022-12-16,2022,12,December,16,6,Friday,50,4
20201218,2020-12-18,2020,12,December,18,6,Friday,50,4
20211217,2021-12-17,2021,12,December,17,6,Friday,50,4
20231215,2023-12-15,2023,12,December,15,6,Friday,50,4
20221223,2022-12-23,2022,12,December,23,6,Friday,51,4
20231222,2023-12-22,2023,12,December,22,6,Friday,51,4
20211231,2021-12-31,2021,12,December,31,6,Friday,52,4
20221230,2022-12-30,2022,12,December,30,6,Friday,52,4
20231229,2023-12-29,2023,12,December,29,6,Friday,52,4
20240108,2024-01-08,2024,1,January,8,2,Monday,1,1
20210104,2021-01-04,2021,1,January,4,2,Monday,1,1
20200106,2020-01-06,2020,1,January,6,2,Monday,1,1
20220103,2022-01-03,2022,1,January,3,2,Monday,1,1
20200113,2020-01-13,2020,1,January,13,2,Monday,2,1
20230109,2023-01-09,2023,1,January,9,2,Monday,2,1
20210111,2021-01-11,2021,1,January,11,2,Monday,2,1
20220110,2022-01-10,2022,1,January,10,2,Monday,2,1
20240122,2024-01-22,2024,1,January,22,2,Monday,3,1
20220124,2022-01-24,2022,1,January,24,2,Monday,4,1
20210125,2021-01-25,2021,1,January,25,2,Monday,4,1
20240129,2024-01-29,2024,1,January,29,2,Monday,4,1
20200127,2020-01-27,2020,1,January,27,2,Monday,4,1
20230123,2023-01-23,2023,1,January,23,2,Monday,4,1
20230130,2023-01-30,2023,1,January,30,2,Monday,5,1
20220131,2022-01-31,2022,1,January,31,2,Monday,5,1
20210201,2021-02-01,2021,2,February,1,2,Monday,5,1
20200203,2020-02-03,2020,2,February,3,2,Monday,5,1
20240205,2024-02-05,2024,2,February,5,2,Monday,5,1
20220207,2022-02-07,2022,2,February,7,2,Monday,6,1
20240212,2024-02-12,2024,2,February,12,2,Monday,6,1
20200210,2020-02-10,2020,2,February,10,2,Monday,6,1
20230206,2023-02-06,2023,2,February,6,2,Monday,6,1
20210208,2021-02-08,2021,2,February,8,2,Monday,6,1
20220214,2022-02-14,2022,2,February,14,2,Monday,7,1
20230213,2023-02-13,2023,2,February,13,2,Monday,7,1
20200224,2020-02-24,2020,2,February,24,2,Monday,8,1
20210222,2021-02-22,2021,2,February,22,2,Monday,8,1
20240226,2024-02-26,2024,2,February,26,2,Monday,8,1
20220228,2022-02-28,2022,2,February,28,2,Monday,9,1
20230227,2023-02-27,2023,2,February,27,2,Monday,9,1
20200302,2020-03-02,2020,3,March,2,2,Monday,9,1
20210301,2021-03-01,2021,3,March,1,2,Monday,9,1
20240304,2024-03-04,2024,3,March,4,2,Monday,9,1
20200309,2020-03-09,2020,3,March,9,2,Monday,10,1
20220307,2022-03-07,2022,3,March,7,2,Monday,10,1
20230306,2023-03-06,2023,3,March,6,2,Monday,10,1
20210308,2021-03-08,2021,3,March,8,2,Monday,10,1
20240311,2024-03-11,2024,3,March,11,2,Monday,10,1
20200316,2020-03-16,2020,3,March,16,2,Monday,11,1
20220314,2022-03-14,2022,3,March,14,2,Monday,11,1
20230313,2023-03-13,2023,3,March,13,2,Monday,11,1
20240318,2024-03-18,2024,3,March,18,2,Monday,11,1
20210315,2021-03-15,2021,3,March,15,2,Monday,11,1
20240325,2024-03-25,2024,3,March,25,2,Monday,12,1
20230320,2023-03-20,2023,3,March,20,2,Monday,12,1
20200323,2020-03-23,2020,3,March,23,2,Monday,12,1
20210322,2021-03-22,2021,3,March,22,2,Monday,12,1
20220321,2022-03-21,2022,3,March,21,2,Monday,12,1
20200330,2020-03-30,2020,3,March,30,2,Monday,13,1
20230327,2023-03-27,2023,3,March,27,2,Monday,13,1
20210329,2021-03-29,2021,3,March,29,2,Monday,13,1
20220328,2022-03-28,2022,3,March,28,2,Monday,13,1
20240401,2024-04-01,2024,4,April,1,2,Monday,13,2
20240408,2024-04-08,2024,4,April,8,2,Monday,14,2
20230403,2023-04-03,2023,4,April,3,2,Monday,14,2
20200406,2020-04-06,2020,4,April,6,2,Monday,14,2
20220404,2022-04-04,2022,4,April,4,2,Monday,14,2
20210405,2021-04-05,2021,4,April,5,2,Monday,14,2
20230410,2023-04-10,2023,4,April,10,2,Monday,15,2
20240415,2024-04-15,2024,4,April,15,2,Monday,15,2
20210412,2021-04-12,2021,4,April,12,2,Monday,15,2
20200413,2020-04-13,2020,4,April,13,2,Monday,15,2
20220411,2022-04-11,2022,4,April,11,2,Monday,15,2
20220418,2022-04-18,2022,4,April,18,2,Monday,16,2
20230417,2023-04-17,2023,4,April,17,2,Monday,16,2
20210419,2021-04-19,2021,4,April,19,2,Monday,16,2
20200420,2020-04-20,2020,4,April,20,2,Monday,16,2
20240422,2024-04-22,2024,4,April,22,2,Monday,16,2
20200427,2020-04-27,2020,4,April,27,2,Monday,17,2
20230424,2023-04-24,2023,4,April,24,2,Monday,17,2
20240429,2024-04-29,2024,4,April,29,2,Monday,17,2
20210426,2021-04-26,2021,4,April,26,2,Monday,17,2
20220425,2022-04-25,2022,4,April,25,2,Monday,17,2
20200504,2020-05-04,2020,5,May,4,2,Monday,18,2
20220502,2022-05-02,2022,5,May,2,2,Monday,18,2
20230501,2023-05-01,2023,5,May,1,2,Monday,18,2
20210503,2021-05-03,2021,5,May,3,2,Monday,18,2
20240506,2024-05-06,2024,5,May,6,2,Monday,18,2
20240513,2024-05-13,2024,5,May,13,2,Monday,19,2
20200511,2020-05-11,2020,5,May,11,2,Monday,19,2
20220509,2022-05-09,2022,5,May,9,2,Monday,19,2
20230508,2023-05-08,2023,5,May,8,2,Monday,19,2
20210510,2021-05-10,2021,5,May,10,2,Monday,19,2
20230515,2023-05-15,2023,5,May,15,2,Monday,20,2
20210517,2021-05-17,2021,5,May,17,2,Monday,20,2
20200518,2020-05-18,2020,5,May,18,2,Monday,20,2
20240520,2024-05-20,2024,5,May,20,2,Monday,20,2
20220516,2022-05-16,2022,5,May,16,2,Monday,20,2
20210524,2021-05-24,2021,5,May,24,2,Monday,21,2
20220523,2022-05-23,2022,5,May,23,2,Monday,21,2
20230522,2023-05-22,2023,5,May,22,2,Monday,21,2
20200601,2020-06-01,2020,6,June,1,2,Monday,22,2
20240603,2024-06-03,2024,6,June,3,2,Monday,22,2
20200608,2020-06-08,2020,6,June,8,2,Monday,23,2
20210607,2021-06-07,2021,6,June,7,2,Monday,23,2
20230605,2023-06-05,2023,6,June,5,2,Monday,23,2
20220606,2022-06-06,2022,6,June,6,2,Monday,23,2
20240610,2024-06-10,2024,6,June,10,2,Monday,23,2
20230612,2023-06-12,2023,6,June,12,2,Monday,24,2
20220613,2022-06-13,2022,6,June,13,2,Monday,24,2
20200615,2020-06-15,2020,6,June,15,2,Monday,24,2
20210614,2021-06-14,2021,6,June,14,2,Monday,24,2
20240617,2024-06-17,2024,6,June,17,2,Monday,24,2
20200622,2020-06-22,2020,6,June,22,2,Monday,25,2
20240624,2024-06-24,2024,6,June,24,2,Monday,25,2
20210621,2021-06-21,2021,6,June,21,2,Monday,25,2
20230626,2023-06-26,2023,6,June,26,2,Monday,26,2
20210628,2021-06-28,2021,6,June,28,2,Monday,26,2
20200629,2020-06-29,2020,6,June,29,2,Monday,26,2
20220627,2022-06-27,2022,6,June,27,2,Monday,26,2
20240701,2024-07-01,2024,7,July,1,2,Monday,26,3
20200706,2020-07-06,2020,7,July,6,2,Monday,27,3
20240708,2024-07-08,2024,7,July,8,2,Monday,27,3
20230703,2023-07-03,2023,7,July,3,2,Monday,27,3
20240715,2024-07-15,2024,7,July,15,2,Monday,28,3
20200713,2020-07-13,2020,7,July,13,2,Monday,28,3
20220711,2022-07-11,2022,7,July,11,2,Monday,28,3
20230710,2023-07-10,2023,7,July,10,2,Monday,28,3
20210712,2021-07-12,2021,7,July,12,2,Monday,28,3
20220718,2022-07-18,2022,7,July,18,2,Monday,29,3
20200720,2020-07-20,2020,7,July,20,2,Monday,29,3
20230717,2023-07-17,2023,7,July,17,2,Monday,29,3
20240722,2024-07-22,2024,7,July,22,2,Monday,29,3
20210719,2021-07-19,2021,7,July,19,2,Monday,29,3
20240729,2024-07-29,2024,7,July,29,2,Monday,30,3
20220725,2022-07-25,2022,7,July,25,2,Monday,30,3
20210726,2021-07-26,2021,7,July,26,2,Monday,30,3
20230724,2023-07-24,2023,7,July,24,2,Monday,30,3
20200727,2020-07-27,2020,7,July,27,2,Monday,30,3
20230731,2023-07-31,2023,7,July,31,2,Monday,31,3
20200803,2020-08-03,2020,8,August,3,2,Monday,31,3
20220801,2022-08-01,2022,8,August,1,2,Monday,31,3
20210802,2021-08-02,2021,8,August,2,2,Monday,31,3
20240805,2024-08-05,2024,8,August,5,2,Monday,31,3
20230807,2023-08-07,2023,8,August,7,2,Monday,32,3
20210809,2021-08-09,2021,8,August,9,2,Monday,32,3
20200810,2020-08-10,2020,8,August,10,2,Monday,32,3
20240812,2024-08-12,2024,8,August,12,2,Monday,32,3
20220808,2022-08-08,2022,8,August,8,2,Monday,32,3
20200817,2020-08-17,2020,8,August,17,2,Monday,33,3
20210816,2021-08-16,2021,8,August,16,2,Monday,33,3
20240819,2024-08-19,2024,8,August,19,2,Monday,33,3
20230814,2023-08-14,2023,8,August,14,2,Monday,33,3
20220815,2022-08-15,2022,8,August,15,2,Monday,33,3
20230821,2023-08-21,2023,8,August,21,2,Monday,34,3
20240826,2024-08-26,2024,8,August,26,2,Monday,34,3
20210823,2021-08-23,2021,8,August,23,2,Monday,34,3
20200824,2020-08-24,2020,8,August,24,2,Monday,34,3
20220822,2022-08-22,2022,8,August,22,2,Monday,34,3
20220829,2022-08-29,2022,8,August,29,2,Monday,35,3
20230828,2023-08-28,2023,8,August,28,2,Monday,35,3
20210830,2021-08-30,2021,8,August,30,2,Monday,35,3
20200831,2020-08-31,2020,8,August,31,2,Monday,35,3
20240909,2024-09-09,2024,9,September,9,2,Monday,36,3
20200914,2020-09-14,2020,9,September,14,2,Monday,37,3
20230911,2023-09-11,2023,9,September,11,2,Monday,37,3
20240916,2024-09-16,2024,9,September,16,2,Monday,37,3
20220912,2022-09-12,2022,9,September,12,2,Monday,37,3
20210913,2021-09-13,2021,9,September,13,2,Monday,37,3
20240923,2024-09-23,2024,9,September,23,2,Monday,38,3
20210920,2021-09-20,2021,9,September,20,2,Monday,38,3
20220919,2022-09-19,2022,9,September,19,2,Monday,38,3
20230918,2023-09-18,2023,9,September,18,2,Monday,38,3
20200921,2020-09-21,2020,9,September,21,2,Monday,38,3
20210927,2021-09-27,2021,9,September,27,2,Monday,39,3
20230925,2023-09-25,2023,9,September,25,2,Monday,39,3
20200928,2020-09-28,2020,9,September,28,2,Monday,39,3
20220926,2022-09-26,2022,9,September,26,2,Monday,39,3
20231002,2023-10-02,2023,10,October,2,2,Monday,40,4
20221003,2022-10-03,2022,10,October,3,2,Monday,40,4
20201005,2020-10-05,2020,10,October,5,2,Monday,40,4
20211004,2021-10-04,2021,10,October,4,2,Monday,40,4
20231009,2023-10-09,2023,10,October,9,2,Monday,41,4
20221010,2022-10-10,2022,10,October,10,2,Monday,41,4
20211011,2021-10-11,2021,10,October,11,2,Monday,41,4
20201012,2020-10-12,2020,10,October,12,2,Monday,41,4
20211018,2021-10-18,2021,10,October,18,2,Monday,42,4
20201019,2020-10-19,2020,10,October,19,2,Monday,42,4
20231016,2023-10-16,2023,10,October,16,2,Monday,42,4
20221017,2022-10-17,2022,10,October,17,2,Monday,42,4
20211025,2021-10-25,2021,10,October,25,2,Monday,43,4
20231023,2023-10-23,2023,10,October,23,2,Monday,43,4
20201026,2020-10-26,2020,10,October,26,2,Monday,43,4
20221024,2022-10-24,2022,10,October,24,2,Monday,43,4
20231030,2023-10-30,2023,10,October,30,2,Monday,44,4
20221031,2022-10-31,2022,10,October,31,2,Monday,44,4
20211101,2021-11-01,2021,11,November,1,2,Monday,44,4
20201102,2020-11-02,2020,11,November,2,2,Monday,44,4
20221107,2022-11-07,2022,11,November,7,2,Monday,45,4
20201109,2020-11-09,2020,11,November,9,2,Monday,45,4
20231106,2023-11-06,2023,11,November,6,2,Monday,45,4
20211108,2021-11-08,2021,11,November,8,2,Monday,45,4
20201116,2020-11-16,2020,11,November,16,2,Monday,46,4
20221114,2022-11-14,2022,11,November,14,2,Monday,46,4
20211115,2021-11-15,2021,11,November,15,2,Monday,46,4
20231113,2023-11-13,2023,11,November,13,2,Monday,46,4
20231120,2023-11-20,2023,11,November,20,2,Monday,47,4
20221121,2022-11-21,2022,11,November,21,2,Monday,47,4
20211122,2021-11-22,2021,11,November,22,2,Monday,47,4
20201123,2020-11-23,2020,11,November,23,2,Monday,47,4
20211129,2021-11-29,2021,11,November,29,2,Monday,48,4
20221128,2022-11-28,2022,11,November,28,2,Monday,48,4
20201130,2020-11-30,2020,11,November,30,2,Monday,48,4
20231127,2023-11-27,2023,11,November,27,2,Monday,48,4
20231204,2023-12-04,2023,12,December,4,2,Monday,49,4
20211206,2021-12-06,2021,12,December,6,2,Monday,49,4
20201207,2020-12-07,2020,12,December,7,2,Monday,49,4
20221205,2022-12-05,2022,12,December,5,2,Monday,49,4
20221212,2022-12-12,2022,12,December,12,2,Monday,50,4
20201214,2020-12-14,2020,12,December,14,2,Monday,50,4
20231211,2023-12-11,2023,12,December,11,2,Monday,50,4
20211213,2021-12-13,2021,12,December,13,2,Monday,50,4
20211220,2021-12-20,2021,12,December,20,2,Monday,51,4
20231218,2023-12-18,2023,12,December,18,2,Monday,51,4
20221219,2022-12-19,2022,12,December,19,2,Monday,51,4
20201221,2020-12-21,2020,12,December,21,2,Monday,51,4
20211227,2021-12-27,2021,12,December,27,2,Monday,52,4
20201228,2020-12-28,2020,12,December,28,2,Monday,52,4
20240102,2024-01-02,2024,1,January,2,3,Tuesday,0,1
20200107,2020-01-07,2020,1,January,7,3,Tuesday,1,1
20210105,2021-01-05,2021,1,January,5,3,Tuesday,1,1
20230103,2023-01-03,2023,1,January,3,3,Tuesday,1,1
20240109,2024-01-09,2024,1,January,9,3,Tuesday,1,1
20220104,2022-01-04,2022,1,January,4,3,Tuesday,1,1
20240116,2024-01-16,2024,1,January,16,3,Tuesday,2,1
20210112,2021-01-12,2021,1,January,12,3,Tuesday,2,1
20230110,2023-01-10,2023,1,January,10,3,Tuesday,2,1
20200114,2020-01-14,2020,1,January,14,3,Tuesday,2,1
20220111,2022-01-11,2022,1,January,11,3,Tuesday,2,1
20200121,2020-01-21,2020,1,January,21,3,Tuesday,3,1
20210119,2021-01-19,2021,1,January,19,3,Tuesday,3,1
20240123,2024-01-23,2024,1,January,23,3,Tuesday,3,1
20230117,2023-01-17,2023,1,January,17,3,Tuesday,3,1
20220118,2022-01-18,2022,1,January,18,3,Tuesday,3,1
20220125,2022-01-25,2022,1,January,25,3,Tuesday,4,1
20240130,2024-01-30,2024,1,January,30,3,Tuesday,4,1
20210126,2021-01-26,2021,1,January,26,3,Tuesday,4,1
20200128,2020-01-28,2020,1,January,28,3,Tuesday,4,1
20230124,2023-01-24,2023,1,January,24,3,Tuesday,4,1
20230131,2023-01-31,2023,1,January,31,3,Tuesday,5,1
20210202,2021-02-02,2021,2,February,2,3,Tuesday,5,1
20220201,2022-02-01,2022,2,February,1,3,Tuesday,5,1
20240206,2024-02-06,2024,2,February,6,3,Tuesday,5,1
20200204,2020-02-04,2020,2,February,4,3,Tuesday,5,1
20230207,2023-02-07,2023,2,February,7,3,Tuesday,6,1
20240213,2024-02-13,2024,2,February,13,3,Tuesday,6,1
20200211,2020-02-11,2020,2,February,11,3,Tuesday,6,1
20210209,2021-02-09,2021,2,February,9,3,Tuesday,6,1
20220208,2022-02-08,2022,2,February,8,3,Tuesday,6,1
20210216,2021-02-16,2021,2,February,16,3,Tuesday,7,1
20240220,2024-02-20,2024,2,February,20,3,Tuesday,7,1
20230214,2023-02-14,2023,2,February,14,3,Tuesday,7,1
20200218,2020-02-18,2020,2,February,18,3,Tuesday,7,1
20220215,2022-02-15,2022,2,February,15,3,Tuesday,7,1
20220222,2022-02-22,2022,2,February,22,3,Tuesday,8,1
20200225,2020-02-25,2020,2,February,25,3,Tuesday,8,1
20230221,2023-02-21,2023,2,February,21,3,Tuesday,8,1
20240227,2024-02-27,2024,2,February,27,3,Tuesday,8,1
20210223,2021-02-23,2021,2,February,23,3,Tuesday,8,1
20230228,2023-02-28,2023,2,February,28,3,Tuesday,9,1
20240305,2024-03-05,2024,3,March,5,3,Tuesday,9,1
20200303,2020-03-03,2020,3,March,3,3,Tuesday,9,1
20210302,2021-03-02,2021,3,March,2,3,Tuesday,9,1
20220301,2022-03-01,2022,3,March,1,3,Tuesday,9,1
20210309,2021-03-09,2021,3,March,9,3,Tuesday,10,1
20230307,2023-03-07,2023,3,March,7,3,Tuesday,10,1
20220308,2022-03-08,2022,3,March,8,3,Tuesday,10,1
20200310,2020-03-10,2020,3,March,10,3,Tuesday,10,1
20240312,2024-03-12,2024,3,March,12,3,Tuesday,10,1
20240319,2024-03-19,2024,3,March,19,3,Tuesday,11,1
20200317,2020-03-17,2020,3,March,17,3,Tuesday,11,1
20230314,2023-03-14,2023,3,March,14,3,Tuesday,11,1
20220315,2022-03-15,2022,3,March,15,3,Tuesday,11,1
20210316,2021-03-16,2021,3,March,16,3,Tuesday,11,1
20220322,2022-03-22,2022,3,March,22,3,Tuesday,12,1
20240326,2024-03-26,2024,3,March,26,3,Tuesday,12,1
20200324,2020-03-24,2020,3,March,24,3,Tuesday,12,1
20210323,2021-03-23,2021,3,March,23,3,Tuesday,12,1
20230321,2023-03-21,2023,3,March,21,3,Tuesday,12,1
20200331,2020-03-31,2020,3,March,31,3,Tuesday,13,1
20210330,2021-03-30,2021,3,March,30,3,Tuesday,13,1
20220329,2022-03-29,2022,3,March,29,3,Tuesday,13,1
20230328,2023-03-28,2023,3,March,28,3,Tuesday,13,1
20240402,2024-04-02,2024,4,April,2,3,Tuesday,13,2
20210406,2021-04-06,2021,4,April,6,3,Tuesday,14,2
20220405,2022-04-05,2022,4,April,5,3,Tuesday,14,2
20230404,2023-04-04,2023,4,April,4,3,Tuesday,14,2
20240409,2024-04-09,2024,4,April,9,3,Tuesday,14,2
20200407,2020-04-07,2020,4,April,7,3,Tuesday,14,2
20240416,2024-04-16,2024,4,April,16,3,Tuesday,15,2
20200414,2020-04-14,2020,4,April,14,3,Tuesday,15,2
20230411,2023-04-11,2023,4,April,11,3,Tuesday,15,2
20210413,2021-04-13,2021,4,April,13,3,Tuesday,15,2
20220412,2022-04-12,2022,4,April,12,3,Tuesday,15,2
20230418,2023-04-18,2023,4,April,18,3,Tuesday,16,2
20220419,2022-04-19,2022,4,April,19,3,Tuesday,16,2
20200421,2020-04-21,2020,4,April,21,3,Tuesday,16,2
20240423,2024-04-23,2024,4,April,23,3,Tuesday,16,2
20210420,2021-04-20,2021,4,April,20,3,Tuesday,16,2
20220426,2022-04-26,2022,4,April,26,3,Tuesday,17,2
20240430,2024-04-30,2024,4,April,30,3,Tuesday,17,2
20210427,2021-04-27,2021,4,April,27,3,Tuesday,17,2
20200428,2020-04-28,2020,4,April,28,3,Tuesday,17,2
20230425,2023-04-25,2023,4,April,25,3,Tuesday,17,2
20240507,2024-05-07,2024,5,May,7,3,Tuesday,18,2
20210504,2021-05-04,2021,5,May,4,3,Tuesday,18,2
20220503,2022-05-03,2022,5,May,3,3,Tuesday,18,2
20200505,2020-05-05,2020,5,May,5,3,Tuesday,18,2
20230502,2023-05-02,2023,5,May,2,3,Tuesday,18,2
20210511,2021-05-11,2021,5,May,11,3,Tuesday,19,2
20240514,2024-05-14,2024,5,May,14,3,Tuesday,19,2
20220510,2022-05-10,2022,5,May,10,3,Tuesday,19,2
20230509,2023-05-09,2023,5,May,9,3,Tuesday,19,2
20200512,2020-05-12,2020,5,May,12,3,Tuesday,19,2
20240521,2024-05-21,2024,5,May,21,3,Tuesday,20,2
20230516,2023-05-16,2023,5,May,16,3,Tuesday,20,2
20200519,2020-05-19,2020,5,May,19,3,Tuesday,20,2
20210518,2021-05-18,2021,5,May,18,3,Tuesday,20,2
20220517,2022-05-17,2022,5,May,17,3,Tuesday,20,2
20240528,2024-05-28,2024,5,May,28,3,Tuesday,21,2
20200526,2020-05-26,2020,5,May,26,3,Tuesday,21,2
20210525,2021-05-25,2021,5,May,25,3,Tuesday,21,2
20220524,2022-05-24,2022,5,May,24,3,Tuesday,21,2
20230523,2023-05-23,2023,5,May,23,3,Tuesday,21,2
20230530,2023-05-30,2023,5,May,30,3,Tuesday,22,2
20220531,2022-05-31,2022,5,May,31,3,Tuesday,22,2
20210601,2021-06-01,2021,6,June,1,3,Tuesday,22,2
20240604,2024-06-04,2024,6,June,4,3,Tuesday,22,2
20200602,2020-06-02,2020,6,June,2,3,Tuesday,22,2
20200609,2020-06-09,2020,6,June,9,3,Tuesday,23,2
20230606,2023-06-06,2023,6,June,6,3,Tuesday,23,2
20210608,2021-06-08,2021,6,June,8,3,Tuesday,23,2
20240611,2024-06-11,2024,6,June,11,3,Tuesday,23,2
20220607,2022-06-07,2022,6,June,7,3,Tuesday,23,2
20230613,2023-06-13,2023,6,June,13,3,Tuesday,24,2
20220614,2022-06-14,2022,6,June,14,3,Tuesday,24,2
20240618,2024-06-18,2024,6,June,18,3,Tuesday,24,2
20200616,2020-06-16,2020,6,June,16,3,Tuesday,24,2
20210615,2021-06-15,2021,6,June,15,3,Tuesday,24,2
20200623,2020-06-23,2020,6,June,23,3,Tuesday,25,2
20210622,2021-06-22,2021,6,June,22,3,Tuesday,25,2
20240625,2024-06-25,2024,6,June,25,3,Tuesday,25,2
20230620,2023-06-20,2023,6,June,20,3,Tuesday,25,2
20220621,2022-06-21,2022,6,June,21,3,Tuesday,25,2
20220628,2022-06-28,2022,6,June,28,3,Tuesday,26,2
20210629,2021-06-29,2021,6,June,29,3,Tuesday,26,2
20230627,2023-06-27,2023,6,June,27,3,Tuesday,26,2
20200630,2020-06-30,2020,6,June,30,3,Tuesday,26,2
20240702,2024-07-02,2024,7,July,2,3,Tuesday,26,3
20240709,2024-07-09,2024,7,July,9,3,Tuesday,27,3
20220705,2022-07-05,2022,7,July,5,3,Tuesday,27,3
20200707,2020-07-07,2020,7,July,7,3,Tuesday,27,3
20210706,2021-07-06,2021,7,July,6,3,Tuesday,27,3
20220712,2022-07-12,2022,7,July,12,3,Tuesday,28,3
20240716,2024-07-16,2024,7,July,16,3,Tuesday,28,3
20210713,2021-07-13,2021,7,July,13,3,Tuesday,28,3
20230711,2023-07-11,2023,7,July,11,3,Tuesday,28,3
20200714,2020-07-14,2020,7,July,14,3,Tuesday,28,3
20230718,2023-07-18,2023,7,July,18,3,Tuesday,29,3
20210720,2021-07-20,2021,7,July,20,3,Tuesday,29,3
20200721,2020-07-21,2020,7,July,21,3,Tuesday,29,3
20240723,2024-07-23,2024,7,July,23,3,Tuesday,29,3
20220719,2022-07-19,2022,7,July,19,3,Tuesday,29,3
20210727,2021-07-27,2021,7,July,27,3,Tuesday,30,3
20220726,2022-07-26,2022,7,July,26,3,Tuesday,30,3
20240730,2024-07-30,2024,7,July,30,3,Tuesday,30,3
20230725,2023-07-25,2023,7,July,25,3,Tuesday,30,3
20200728,2020-07-28,2020,7,July,28,3,Tuesday,30,3
20210803,2021-08-03,2021,8,August,3,3,Tuesday,31,3
20240806,2024-08-06,2024,8,August,6,3,Tuesday,31,3
20200804,2020-08-04,2020,8,August,4,3,Tuesday,31,3
20220802,2022-08-02,2022,8,August,2,3,Tuesday,31,3
20230801,2023-08-01,2023,8,August,1,3,Tuesday,31,3
20220809,2022-08-09,2022,8,August,9,3,Tuesday,32,3
20240813,2024-08-13,2024,8,August,13,3,Tuesday,32,3
20200811,2020-08-11,2020,8,August,11,3,Tuesday,32,3
20230808,2023-08-08,2023,8,August,8,3,Tuesday,32,3
20210810,2021-08-10,2021,8,August,10,3,Tuesday,32,3
20210817,2021-08-17,2021,8,August,17,3,Tuesday,33,3
20230815,2023-08-15,2023,8,August,15,3,Tuesday,33,3
20240820,2024-08-20,2024,8,August,20,3,Tuesday,33,3
20200818,2020-08-18,2020,8,August,18,3,Tuesday,33,3
20220816,2022-08-16,2022,8,August,16,3,Tuesday,33,3
20240827,2024-08-27,2024,8,August,27,3,Tuesday,34,3
20230822,2023-08-22,2023,8,August,22,3,Tuesday,34,3
20200825,2020-08-25,2020,8,August,25,3,Tuesday,34,3
20220823,2022-08-23,2022,8,August,23,3,Tuesday,34,3
20210824,2021-08-24,2021,8,August,24,3,Tuesday,34,3
20210831,2021-08-31,2021,8,August,31,3,Tuesday,35,3
20220830,2022-08-30,2022,8,August,30,3,Tuesday,35,3
20230829,2023-08-29,2023,8,August,29,3,Tuesday,35,3
20240924,2024-09-24,2024,9,September,24,3,Tuesday,38,3
20240903,2024-09-03,2024,9,September,3,3,Tuesday,35,3
20200901,2020-09-01,2020,9,September,1,3,Tuesday,35,3
20240910,2024-09-10,2024,9,September,10,3,Tuesday,36,3
20200908,2020-09-08,2020,9,September,8,3,Tuesday,36,3
20210907,2021-09-07,2021,9,September,7,3,Tuesday,36,3
20220906,2022-09-06,2022,9,September,6,3,Tuesday,36,3
20230905,2023-09-05,2023,9,September,5,3,Tuesday,36,3
20220913,2022-09-13,2022,9,September,13,3,Tuesday,37,3
20240917,2024-09-17,2024,9,September,17,3,Tuesday,37,3
20230912,2023-09-12,2023,9,September,12,3,Tuesday,37,3
20210914,2021-09-14,2021,9,September,14,3,Tuesday,37,3
20200915,2020-09-15,2020,9,September,15,3,Tuesday,37,3
20210921,2021-09-21,2021,9,September,21,3,Tuesday,38,3
20230919,2023-09-19,2023,9,September,19,3,Tuesday,38,3
20220920,2022-09-20,2022,9,September,20,3,Tuesday,38,3
20200922,2020-09-22,2020,9,September,22,3,Tuesday,38,3
20230926,2023-09-26,2023,9,September,26,3,Tuesday,39,3
20200929,2020-09-29,2020,9,September,29,3,Tuesday,39,3
20210928,2021-09-28,2021,9,September,28,3,Tuesday,39,3
20220927,2022-09-27,2022,9,September,27,3,Tuesday,39,3
20211005,2021-10-05,2021,10,October,5,3,Tuesday,40,4
20231003,2023-10-03,2023,10,October,3,3,Tuesday,40,4
20221004,2022-10-04,2022,10,October,4,3,Tuesday,40,4
20201006,2020-10-06,2020,10,October,6,3,Tuesday,40,4
20201013,2020-10-13,2020,10,October,13,3,Tuesday,41,4
20211012,2021-10-12,2021,10,October,12,3,Tuesday,41,4
20231010,2023-10-10,2023,10,October,10,3,Tuesday,41,4
20221011,2022-10-11,2022,10,October,11,3,Tuesday,41,4
20211019,2021-10-19,2021,10,October,19,3,Tuesday,42,4
20221018,2022-10-18,2022,10,October,18,3,Tuesday,42,4
20231017,2023-10-17,2023,10,October,17,3,Tuesday,42,4
20201020,2020-10-20,2020,10,October,20,3,Tuesday,42,4
20211026,2021-10-26,2021,10,October,26,3,Tuesday,43,4
20221025,2022-10-25,2022,10,October,25,3,Tuesday,43,4
20231024,2023-10-24,2023,10,October,24,3,Tuesday,43,4
20201027,2020-10-27,2020,10,October,27,3,Tuesday,43,4
20231031,2023-10-31,2023,10,October,31,3,Tuesday,44,4
20201103,2020-11-03,2020,11,November,3,3,Tuesday,44,4
20211102,2021-11-02,2021,11,November,2,3,Tuesday,44,4
20221101,2022-11-01,2022,11,November,1,3,Tuesday,44,4
20201110,2020-11-10,2020,11,November,10,3,Tuesday,45,4
20231107,2023-11-07,2023,11,November,7,3,Tuesday,45,4
20211109,2021-11-09,2021,11,November,9,3,Tuesday,45,4
20221108,2022-11-08,2022,11,November,8,3,Tuesday,45,4
20221115,2022-11-15,2022,11,November,15,3,Tuesday,46,4
20231114,2023-11-14,2023,11,November,14,3,Tuesday,46,4
20211116,2021-11-16,2021,11,November,16,3,Tuesday,46,4
20201117,2020-11-17,2020,11,November,17,3,Tuesday,46,4
20201124,2020-11-24,2020,11,November,24,3,Tuesday,47,4
20231121,2023-11-21,2023,11,November,21,3,Tuesday,47,4
20211123,2021-11-23,2021,11,November,23,3,Tuesday,47,4
20221122,2022-11-22,2022,11,November,22,3,Tuesday,47,4
20221129,2022-11-29,2022,11,November,29,3,Tuesday,48,4
20211130,2021-11-30,2021,11,November,30,3,Tuesday,48,4
20231128,2023-11-28,2023,11,November,28,3,Tuesday,48,4
20201201,2020-12-01,2020,12,December,1,3,Tuesday,48,4
20231205,2023-12-05,2023,12,December,5,3,Tuesday,49,4
20201208,2020-12-08,2020,12,December,8,3,Tuesday,49,4
20211207,2021-12-07,2021,12,December,7,3,Tuesday,49,4
20221206,2022-12-06,2022,12,December,6,3,Tuesday,49,4
20201215,2020-12-15,2020,12,December,15,3,Tuesday,50,4
20231212,2023-12-12,2023,12,December,12,3,Tuesday,50,4
20221213,2022-12-13,2022,12,December,13,3,Tuesday,50,4
20211214,2021-12-14,2021,12,December,14,3,Tuesday,50,4
20231219,2023-12-19,2023,12,December,19,3,Tuesday,51,4
20221220,2022-12-20,2022,12,December,20,3,Tuesday,51,4
20201222,2020-12-22,2020,12,December,22,3,Tuesday,51,4
20211221,2021-12-21,2021,12,December,21,3,Tuesday,51,4
20201229,2020-12-29,2020,12,December,29,3,Tuesday,52,4
20221227,2022-12-27,2022,12,December,27,3,Tuesday,52,4
20231226,2023-12-26,2023,12,December,26,3,Tuesday,52,4
20211228,2021-12-28,2021,12,December,28,3,Tuesday,52,4
20240104,2024-01-04,2024,1,January,4,5,Thursday,0,1
20200102,2020-01-02,2020,1,January,2,5,Thursday,0,1
20210107,2021-01-07,2021,1,January,7,5,Thursday,1,1
20200109,2020-01-09,2020,1,January,9,5,Thursday,1,1
20240111,2024-01-11,2024,1,January,11,5,Thursday,1,1
20220106,2022-01-06,2022,1,January,6,5,Thursday,1,1
20230105,2023-01-05,2023,1,January,5,5,Thursday,1,1
20240118,2024-01-18,2024,1,January,18,5,Thursday,2,1
20220113,2022-01-13,2022,1,January,13,5,Thursday,2,1
20200116,2020-01-16,2020,1,January,16,5,Thursday,2,1
20210114,2021-01-14,2021,1,January,14,5,Thursday,2,1
20230112,2023-01-12,2023,1,January,12,5,Thursday,2,1
20220120,2022-01-20,2022,1,January,20,5,Thursday,3,1
20210121,2021-01-21,2021,1,January,21,5,Thursday,3,1
20230119,2023-01-19,2023,1,January,19,5,Thursday,3,1
20240125,2024-01-25,2024,1,January,25,5,Thursday,3,1
20200123,2020-01-23,2020,1,January,23,5,Thursday,3,1
20220127,2022-01-27,2022,1,January,27,5,Thursday,4,1
20200130,2020-01-30,2020,1,January,30,5,Thursday,4,1
20210128,2021-01-28,2021,1,January,28,5,Thursday,4,1
20230126,2023-01-26,2023,1,January,26,5,Thursday,4,1
20240201,2024-02-01,2024,2,February,1,5,Thursday,4,1
20210204,2021-02-04,2021,2,February,4,5,Thursday,5,1
20200206,2020-02-06,2020,2,February,6,5,Thursday,5,1
20220203,2022-02-03,2022,2,February,3,5,Thursday,5,1
20230202,2023-02-02,2023,2,February,2,5,Thursday,5,1
20240208,2024-02-08,2024,2,February,8,5,Thursday,5,1
20200213,2020-02-13,2020,2,February,13,5,Thursday,6,1
20240215,2024-02-15,2024,2,February,15,5,Thursday,6,1
20210211,2021-02-11,2021,2,February,11,5,Thursday,6,1
20230209,2023-02-09,2023,2,February,9,5,Thursday,6,1
20220210,2022-02-10,2022,2,February,10,5,Thursday,6,1
20210218,2021-02-18,2021,2,February,18,5,Thursday,7,1
20200220,2020-02-20,2020,2,February,20,5,Thursday,7,1
20230216,2023-02-16,2023,2,February,16,5,Thursday,7,1
20240222,2024-02-22,2024,2,February,22,5,Thursday,7,1
20220217,2022-02-17,2022,2,February,17,5,Thursday,7,1
20200227,2020-02-27,2020,2,February,27,5,Thursday,8,1
20240229,2024-02-29,2024,2,February,29,5,Thursday,8,1
20230223,2023-02-23,2023,2,February,23,5,Thursday,8,1
20220224,2022-02-24,2022,2,February,24,5,Thursday,8,1
20210225,2021-02-25,2021,2,February,25,5,Thursday,8,1
20240307,2024-03-07,2024,3,March,7,5,Thursday,9,1
20220303,2022-03-03,2022,3,March,3,5,Thursday,9,1
20210304,2021-03-04,2021,3,March,4,5,Thursday,9,1
20230302,2023-03-02,2023,3,March,2,5,Thursday,9,1
20200305,2020-03-05,2020,3,March,5,5,Thursday,9,1
20200312,2020-03-12,2020,3,March,12,5,Thursday,10,1
20210311,2021-03-11,2021,3,March,11,5,Thursday,10,1
20240314,2024-03-14,2024,3,March,14,5,Thursday,10,1
20220310,2022-03-10,2022,3,March,10,5,Thursday,10,1
20230309,2023-03-09,2023,3,March,9,5,Thursday,10,1
20220317,2022-03-17,2022,3,March,17,5,Thursday,11,1
20200319,2020-03-19,2020,3,March,19,5,Thursday,11,1
20210318,2021-03-18,2021,3,March,18,5,Thursday,11,1
20240321,2024-03-21,2024,3,March,21,5,Thursday,11,1
20230316,2023-03-16,2023,3,March,16,5,Thursday,11,1
20210325,2021-03-25,2021,3,March,25,5,Thursday,12,1
20200326,2020-03-26,2020,3,March,26,5,Thursday,12,1
20230323,2023-03-23,2023,3,March,23,5,Thursday,12,1
20220324,2022-03-24,2022,3,March,24,5,Thursday,12,1
20240328,2024-03-28,2024,3,March,28,5,Thursday,12,1
20220331,2022-03-31,2022,3,March,31,5,Thursday,13,1
20230330,2023-03-30,2023,3,March,30,5,Thursday,13,1
20200402,2020-04-02,2020,4,April,2,5,Thursday,13,2
20210401,2021-04-01,2021,4,April,1,5,Thursday,13,2
20240404,2024-04-04,2024,4,April,4,5,Thursday,13,2
20240411,2024-04-11,2024,4,April,11,5,Thursday,14,2
20200409,2020-04-09,2020,4,April,9,5,Thursday,14,2
20210408,2021-04-08,2021,4,April,8,5,Thursday,14,2
20220407,2022-04-07,2022,4,April,7,5,Thursday,14,2
20230406,2023-04-06,2023,4,April,6,5,Thursday,14,2
20220414,2022-04-14,2022,4,April,14,5,Thursday,15,2
20210415,2021-04-15,2021,4,April,15,5,Thursday,15,2
20230413,2023-04-13,2023,4,April,13,5,Thursday,15,2
20240418,2024-04-18,2024,4,April,18,5,Thursday,15,2
20200416,2020-04-16,2020,4,April,16,5,Thursday,15,2
20220421,2022-04-21,2022,4,April,21,5,Thursday,16,2
20240425,2024-04-25,2024,4,April,25,5,Thursday,16,2
20200423,2020-04-23,2020,4,April,23,5,Thursday,16,2
20210422,2021-04-22,2021,4,April,22,5,Thursday,16,2
20230420,2023-04-20,2023,4,April,20,5,Thursday,16,2
20220428,2022-04-28,2022,4,April,28,5,Thursday,17,2
20200430,2020-04-30,2020,4,April,30,5,Thursday,17,2
20230427,2023-04-27,2023,4,April,27,5,Thursday,17,2
20210429,2021-04-29,2021,4,April,29,5,Thursday,17,2
20240502,2024-05-02,2024,5,May,2,5,Thursday,17,2
20220505,2022-05-05,2022,5,May,5,5,Thursday,18,2
20230504,2023-05-04,2023,5,May,4,5,Thursday,18,2
20210506,2021-05-06,2021,5,May,6,5,Thursday,18,2
20240509,2024-05-09,2024,5,May,9,5,Thursday,18,2
20200507,2020-05-07,2020,5,May,7,5,Thursday,18,2
20210513,2021-05-13,2021,5,May,13,5,Thursday,19,2
20230511,2023-05-11,2023,5,May,11,5,Thursday,19,2
20200514,2020-05-14,2020,5,May,14,5,Thursday,19,2
20240516,2024-05-16,2024,5,May,16,5,Thursday,19,2
20220512,2022-05-12,2022,5,May,12,5,Thursday,19,2
20220519,2022-05-19,2022,5,May,19,5,Thursday,20,2
20210520,2021-05-20,2021,5,May,20,5,Thursday,20,2
20200521,2020-05-21,2020,5,May,21,5,Thursday,20,2
20230518,2023-05-18,2023,5,May,18,5,Thursday,20,2
20240523,2024-05-23,2024,5,May,23,5,Thursday,20,2
20200528,2020-05-28,2020,5,May,28,5,Thursday,21,2
20240530,2024-05-30,2024,5,May,30,5,Thursday,21,2
20230525,2023-05-25,2023,5,May,25,5,Thursday,21,2
20210527,2021-05-27,2021,5,May,27,5,Thursday,21,2
20220526,2022-05-26,2022,5,May,26,5,Thursday,21,2
20200604,2020-06-04,2020,6,June,4,5,Thursday,22,2
20210603,2021-06-03,2021,6,June,3,5,Thursday,22,2
20220602,2022-06-02,2022,6,June,2,5,Thursday,22,2
20240606,2024-06-06,2024,6,June,6,5,Thursday,22,2
20230601,2023-06-01,2023,6,June,1,5,Thursday,22,2
20210610,2021-06-10,2021,6,June,10,5,Thursday,23,2
20200611,2020-06-11,2020,6,June,11,5,Thursday,23,2
20230608,2023-06-08,2023,6,June,8,5,Thursday,23,2
20240613,2024-06-13,2024,6,June,13,5,Thursday,23,2
20220609,2022-06-09,2022,6,June,9,5,Thursday,23,2
20210617,2021-06-17,2021,6,June,17,5,Thursday,24,2
20240620,2024-06-20,2024,6,June,20,5,Thursday,24,2
20230615,2023-06-15,2023,6,June,15,5,Thursday,24,2
20220616,2022-06-16,2022,6,June,16,5,Thursday,24,2
20200618,2020-06-18,2020,6,June,18,5,Thursday,24,2
20220623,2022-06-23,2022,6,June,23,5,Thursday,25,2
20240627,2024-06-27,2024,6,June,27,5,Thursday,25,2
20230622,2023-06-22,2023,6,June,22,5,Thursday,25,2
20210624,2021-06-24,2021,6,June,24,5,Thursday,25,2
20200625,2020-06-25,2020,6,June,25,5,Thursday,25,2
20230629,2023-06-29,2023,6,June,29,5,Thursday,26,2
20220630,2022-06-30,2022,6,June,30,5,Thursday,26,2
20200702,2020-07-02,2020,7,July,2,5,Thursday,26,3
20210701,2021-07-01,2021,7,July,1,5,Thursday,26,3
20230706,2023-07-06,2023,7,July,6,5,Thursday,27,3
20200709,2020-07-09,2020,7,July,9,5,Thursday,27,3
20220707,2022-07-07,2022,7,July,7,5,Thursday,27,3
20210708,2021-07-08,2021,7,July,8,5,Thursday,27,3
20240711,2024-07-11,2024,7,July,11,5,Thursday,27,3
20220714,2022-07-14,2022,7,July,14,5,Thursday,28,3
20200716,2020-07-16,2020,7,July,16,5,Thursday,28,3
20230713,2023-07-13,2023,7,July,13,5,Thursday,28,3
20240718,2024-07-18,2024,7,July,18,5,Thursday,28,3
20210715,2021-07-15,2021,7,July,15,5,Thursday,28,3
20210722,2021-07-22,2021,7,July,22,5,Thursday,29,3
20200723,2020-07-23,2020,7,July,23,5,Thursday,29,3
20240725,2024-07-25,2024,7,July,25,5,Thursday,29,3
20220721,2022-07-21,2022,7,July,21,5,Thursday,29,3
20230720,2023-07-20,2023,7,July,20,5,Thursday,29,3
20230727,2023-07-27,2023,7,July,27,5,Thursday,30,3
20200730,2020-07-30,2020,7,July,30,5,Thursday,30,3
20210729,2021-07-29,2021,7,July,29,5,Thursday,30,3
20220728,2022-07-28,2022,7,July,28,5,Thursday,30,3
20240801,2024-08-01,2024,8,August,1,5,Thursday,30,3
20230803,2023-08-03,2023,8,August,3,5,Thursday,31,3
20220804,2022-08-04,2022,8,August,4,5,Thursday,31,3
20240808,2024-08-08,2024,8,August,8,5,Thursday,31,3
20200806,2020-08-06,2020,8,August,6,5,Thursday,31,3
20210805,2021-08-05,2021,8,August,5,5,Thursday,31,3
20210812,2021-08-12,2021,8,August,12,5,Thursday,32,3
20200813,2020-08-13,2020,8,August,13,5,Thursday,32,3
20240815,2024-08-15,2024,8,August,15,5,Thursday,32,3
20230810,2023-08-10,2023,8,August,10,5,Thursday,32,3
20220811,2022-08-11,2022,8,August,11,5,Thursday,32,3
20240822,2024-08-22,2024,8,August,22,5,Thursday,33,3
20220818,2022-08-18,2022,8,August,18,5,Thursday,33,3
20200820,2020-08-20,2020,8,August,20,5,Thursday,33,3
20210819,2021-08-19,2021,8,August,19,5,Thursday,33,3
20230817,2023-08-17,2023,8,August,17,5,Thursday,33,3
20210826,2021-08-26,2021,8,August,26,5,Thursday,34,3
20240829,2024-08-29,2024,8,August,29,5,Thursday,34,3
20200827,2020-08-27,2020,8,August,27,5,Thursday,34,3
20230824,2023-08-24,2023,8,August,24,5,Thursday,34,3
20220825,2022-08-25,2022,8,August,25,5,Thursday,34,3
20230831,2023-08-31,2023,8,August,31,5,Thursday,35,3
20220901,2022-09-01,2022,9,September,1,5,Thursday,35,3
20210902,2021-09-02,2021,9,September,2,5,Thursday,35,3
20240905,2024-09-05,2024,9,September,5,5,Thursday,35,3
20200903,2020-09-03,2020,9,September,3,5,Thursday,35,3
20210909,2021-09-09,2021,9,September,9,5,Thursday,36,3
20220908,2022-09-08,2022,9,September,8,5,Thursday,36,3
20230907,2023-09-07,2023,9,September,7,5,Thursday,36,3
20240912,2024-09-12,2024,9,September,12,5,Thursday,36,3
20200910,2020-09-10,2020,9,September,10,5,Thursday,36,3
20240919,2024-09-19,2024,9,September,19,5,Thursday,37,3
20230914,2023-09-14,2023,9,September,14,5,Thursday,37,3
20200917,2020-09-17,2020,9,September,17,5,Thursday,37,3
20220915,2022-09-15,2022,9,September,15,5,Thursday,37,3
20210916,2021-09-16,2021,9,September,16,5,Thursday,37,3
20230921,2023-09-21,2023,9,September,21,5,Thursday,38,3
20200924,2020-09-24,2020,9,September,24,5,Thursday,38,3
20220922,2022-09-22,2022,9,September,22,5,Thursday,38,3
20210923,2021-09-23,2021,9,September,23,5,Thursday,38,3
20220929,2022-09-29,2022,9,September,29,5,Thursday,39,3
20210930,2021-09-30,2021,9,September,30,5,Thursday,39,3
20230928,2023-09-28,2023,9,September,28,5,Thursday,39,3
20201001,2020-10-01,2020,10,October,1,5,Thursday,39,4
20221006,2022-10-06,2022,10,October,6,5,Thursday,40,4
20201008,2020-10-08,2020,10,October,8,5,Thursday,40,4
20211007,2021-10-07,2021,10,October,7,5,Thursday,40,4
20231005,2023-10-05,2023,10,October,5,5,Thursday,40,4
20211014,2021-10-14,2021,10,October,14,5,Thursday,41,4
20221013,2022-10-13,2022,10,October,13,5,Thursday,41,4
20231012,2023-10-12,2023,10,October,12,5,Thursday,41,4
20201015,2020-10-15,2020,10,October,15,5,Thursday,41,4
20221020,2022-10-20,2022,10,October,20,5,Thursday,42,4
20231019,2023-10-19,2023,10,October,19,5,Thursday,42,4
20211021,2021-10-21,2021,10,October,21,5,Thursday,42,4
20201022,2020-10-22,2020,10,October,22,5,Thursday,42,4
20201029,2020-10-29,2020,10,October,29,5,Thursday,43,4
20211028,2021-10-28,2021,10,October,28,5,Thursday,43,4
20221027,2022-10-27,2022,10,October,27,5,Thursday,43,4
20231026,2023-10-26,2023,10,October,26,5,Thursday,43,4
20231102,2023-11-02,2023,11,November,2,5,Thursday,44,4
20211104,2021-11-04,2021,11,November,4,5,Thursday,44,4
20221103,2022-11-03,2022,11,November,3,5,Thursday,44,4
20201105,2020-11-05,2020,11,November,5,5,Thursday,44,4
20221110,2022-11-10,2022,11,November,10,5,Thursday,45,4
20211111,2021-11-11,2021,11,November,11,5,Thursday,45,4
20201112,2020-11-12,2020,11,November,12,5,Thursday,45,4
20231109,2023-11-09,2023,11,November,9,5,Thursday,45,4
20201119,2020-11-19,2020,11,November,19,5,Thursday,46,4
20221117,2022-11-17,2022,11,November,17,5,Thursday,46,4
20231116,2023-11-16,2023,11,November,16,5,Thursday,46,4
20211118,2021-11-18,2021,11,November,18,5,Thursday,46,4
20231130,2023-11-30,2023,11,November,30,5,Thursday,48,4
20201203,2020-12-03,2020,12,December,3,5,Thursday,48,4
20221201,2022-12-01,2022,12,December,1,5,Thursday,48,4
20211202,2021-12-02,2021,12,December,2,5,Thursday,48,4
20211209,2021-12-09,2021,12,December,9,5,Thursday,49,4
20201210,2020-12-10,2020,12,December,10,5,Thursday,49,4
20221208,2022-12-08,2022,12,December,8,5,Thursday,49,4
20231207,2023-12-07,2023,12,December,7,5,Thursday,49,4
20201217,2020-12-17,2020,12,December,17,5,Thursday,50,4
20221215,2022-12-15,2022,12,December,15,5,Thursday,50,4
20231214,2023-12-14,2023,12,December,14,5,Thursday,50,4
20211216,2021-12-16,2021,12,December,16,5,Thursday,50,4
20211223,2021-12-23,2021,12,December,23,5,Thursday,51,4
20231221,2023-12-21,2023,12,December,21,5,Thursday,51,4
20201224,2020-12-24,2020,12,December,24,5,Thursday,51,4
20221222,2022-12-22,2022,12,December,22,5,Thursday,51,4
20211230,2021-12-30,2021,12,December,30,5,Thursday,52,4
20221229,2022-12-29,2022,12,December,29,5,Thursday,52,4
20231228,2023-12-28,2023,12,December,28,5,Thursday,52,4
20201231,2020-12-31,2020,12,December,31,5,Thursday,52,4
20240103,2024-01-03,2024,1,January,3,4,Wednesday,0,1
20210106,2021-01-06,2021,1,January,6,4,Wednesday,1,1
20240110,2024-01-10,2024,1,January,10,4,Wednesday,1,1
20230104,2023-01-04,2023,1,January,4,4,Wednesday,1,1
20200108,2020-01-08,2020,1,January,8,4,Wednesday,1,1
20220105,2022-01-05,2022,1,January,5,4,Wednesday,1,1
20200115,2020-01-15,2020,1,January,15,4,Wednesday,2,1
20220112,2022-01-12,2022,1,January,12,4,Wednesday,2,1
20240117,2024-01-17,2024,1,January,17,4,Wednesday,2,1
20210113,2021-01-13,2021,1,January,13,4,Wednesday,2,1
20230111,2023-01-11,2023,1,January,11,4,Wednesday,2,1
20210120,2021-01-20,2021,1,January,20,4,Wednesday,3,1
20220119,2022-01-19,2022,1,January,19,4,Wednesday,3,1
20230118,2023-01-18,2023,1,January,18,4,Wednesday,3,1
20240124,2024-01-24,2024,1,January,24,4,Wednesday,3,1
20200122,2020-01-22,2020,1,January,22,4,Wednesday,3,1
20230125,2023-01-25,2023,1,January,25,4,Wednesday,4,1
20220126,2022-01-26,2022,1,January,26,4,Wednesday,4,1
20200129,2020-01-29,2020,1,January,29,4,Wednesday,4,1
20240131,2024-01-31,2024,1,January,31,4,Wednesday,4,1
20210127,2021-01-27,2021,1,January,27,4,Wednesday,4,1
20200205,2020-02-05,2020,2,February,5,4,Wednesday,5,1
20230201,2023-02-01,2023,2,February,1,4,Wednesday,5,1
20210203,2021-02-03,2021,2,February,3,4,Wednesday,5,1
20220202,2022-02-02,2022,2,February,2,4,Wednesday,5,1
20240207,2024-02-07,2024,2,February,7,4,Wednesday,5,1
20240214,2024-02-14,2024,2,February,14,4,Wednesday,6,1
20210210,2021-02-10,2021,2,February,10,4,Wednesday,6,1
20230208,2023-02-08,2023,2,February,8,4,Wednesday,6,1
20200212,2020-02-12,2020,2,February,12,4,Wednesday,6,1
20220209,2022-02-09,2022,2,February,9,4,Wednesday,6,1
20240221,2024-02-21,2024,2,February,21,4,Wednesday,7,1
20220216,2022-02-16,2022,2,February,16,4,Wednesday,7,1
20230215,2023-02-15,2023,2,February,15,4,Wednesday,7,1
20210217,2021-02-17,2021,2,February,17,4,Wednesday,7,1
20200219,2020-02-19,2020,2,February,19,4,Wednesday,7,1
20220223,2022-02-23,2022,2,February,23,4,Wednesday,8,1
20210224,2021-02-24,2021,2,February,24,4,Wednesday,8,1
20200226,2020-02-26,2020,2,February,26,4,Wednesday,8,1
20240228,2024-02-28,2024,2,February,28,4,Wednesday,8,1
20230222,2023-02-22,2023,2,February,22,4,Wednesday,8,1
20230301,2023-03-01,2023,3,March,1,4,Wednesday,9,1
20220302,2022-03-02,2022,3,March,2,4,Wednesday,9,1
20200304,2020-03-04,2020,3,March,4,4,Wednesday,9,1
20240306,2024-03-06,2024,3,March,6,4,Wednesday,9,1
20210303,2021-03-03,2021,3,March,3,4,Wednesday,9,1
20200311,2020-03-11,2020,3,March,11,4,Wednesday,10,1
20220309,2022-03-09,2022,3,March,9,4,Wednesday,10,1
20230308,2023-03-08,2023,3,March,8,4,Wednesday,10,1
20210310,2021-03-10,2021,3,March,10,4,Wednesday,10,1
20240313,2024-03-13,2024,3,March,13,4,Wednesday,10,1
20210317,2021-03-17,2021,3,March,17,4,Wednesday,11,1
20230315,2023-03-15,2023,3,March,15,4,Wednesday,11,1
20220316,2022-03-16,2022,3,March,16,4,Wednesday,11,1
20200318,2020-03-18,2020,3,March,18,4,Wednesday,11,1
20240320,2024-03-20,2024,3,March,20,4,Wednesday,11,1
20200325,2020-03-25,2020,3,March,25,4,Wednesday,12,1
20230322,2023-03-22,2023,3,March,22,4,Wednesday,12,1
20240327,2024-03-27,2024,3,March,27,4,Wednesday,12,1
20210324,2021-03-24,2021,3,March,24,4,Wednesday,12,1
20220323,2022-03-23,2022,3,March,23,4,Wednesday,12,1
20220330,2022-03-30,2022,3,March,30,4,Wednesday,13,1
20230329,2023-03-29,2023,3,March,29,4,Wednesday,13,1
20210331,2021-03-31,2021,3,March,31,4,Wednesday,13,1
20200401,2020-04-01,2020,4,April,1,4,Wednesday,13,2
20240403,2024-04-03,2024,4,April,3,4,Wednesday,13,2
20200408,2020-04-08,2020,4,April,8,4,Wednesday,14,2
20220406,2022-04-06,2022,4,April,6,4,Wednesday,14,2
20230405,2023-04-05,2023,4,April,5,4,Wednesday,14,2
20240410,2024-04-10,2024,4,April,10,4,Wednesday,14,2
20210407,2021-04-07,2021,4,April,7,4,Wednesday,14,2
20210414,2021-04-14,2021,4,April,14,4,Wednesday,15,2
20240417,2024-04-17,2024,4,April,17,4,Wednesday,15,2
20200415,2020-04-15,2020,4,April,15,4,Wednesday,15,2
20220413,2022-04-13,2022,4,April,13,4,Wednesday,15,2
20230412,2023-04-12,2023,4,April,12,4,Wednesday,15,2
20220420,2022-04-20,2022,4,April,20,4,Wednesday,16,2
20240424,2024-04-24,2024,4,April,24,4,Wednesday,16,2
20210421,2021-04-21,2021,4,April,21,4,Wednesday,16,2
20230419,2023-04-19,2023,4,April,19,4,Wednesday,16,2
20200422,2020-04-22,2020,4,April,22,4,Wednesday,16,2
20200429,2020-04-29,2020,4,April,29,4,Wednesday,17,2
20230426,2023-04-26,2023,4,April,26,4,Wednesday,17,2
20220427,2022-04-27,2022,4,April,27,4,Wednesday,17,2
20210428,2021-04-28,2021,4,April,28,4,Wednesday,17,2
20240501,2024-05-01,2024,5,May,1,4,Wednesday,17,2
20210505,2021-05-05,2021,5,May,5,4,Wednesday,18,2
20230503,2023-05-03,2023,5,May,3,4,Wednesday,18,2
20200506,2020-05-06,2020,5,May,6,4,Wednesday,18,2
20240508,2024-05-08,2024,5,May,8,4,Wednesday,18,2
20220504,2022-05-04,2022,5,May,4,4,Wednesday,18,2
20210512,2021-05-12,2021,5,May,12,4,Wednesday,19,2
20220511,2022-05-11,2022,5,May,11,4,Wednesday,19,2
20240515,2024-05-15,2024,5,May,15,4,Wednesday,19,2
20230510,2023-05-10,2023,5,May,10,4,Wednesday,19,2
20200513,2020-05-13,2020,5,May,13,4,Wednesday,19,2
20210519,2021-05-19,2021,5,May,19,4,Wednesday,20,2
20200520,2020-05-20,2020,5,May,20,4,Wednesday,20,2
20220518,2022-05-18,2022,5,May,18,4,Wednesday,20,2
20230517,2023-05-17,2023,5,May,17,4,Wednesday,20,2
20240522,2024-05-22,2024,5,May,22,4,Wednesday,20,2
20210526,2021-05-26,2021,5,May,26,4,Wednesday,21,2
20200527,2020-05-27,2020,5,May,27,4,Wednesday,21,2
20230524,2023-05-24,2023,5,May,24,4,Wednesday,21,2
20240529,2024-05-29,2024,5,May,29,4,Wednesday,21,2
20220525,2022-05-25,2022,5,May,25,4,Wednesday,21,2
20230531,2023-05-31,2023,5,May,31,4,Wednesday,22,2
20210602,2021-06-02,2021,6,June,2,4,Wednesday,22,2
20200603,2020-06-03,2020,6,June,3,4,Wednesday,22,2
20240605,2024-06-05,2024,6,June,5,4,Wednesday,22,2
20220601,2022-06-01,2022,6,June,1,4,Wednesday,22,2
20230607,2023-06-07,2023,6,June,7,4,Wednesday,23,2
20200610,2020-06-10,2020,6,June,10,4,Wednesday,23,2
20240612,2024-06-12,2024,6,June,12,4,Wednesday,23,2
20220608,2022-06-08,2022,6,June,8,4,Wednesday,23,2
20210609,2021-06-09,2021,6,June,9,4,Wednesday,23,2
20200617,2020-06-17,2020,6,June,17,4,Wednesday,24,2
20230614,2023-06-14,2023,6,June,14,4,Wednesday,24,2
20220615,2022-06-15,2022,6,June,15,4,Wednesday,24,2
20210616,2021-06-16,2021,6,June,16,4,Wednesday,24,2
20230621,2023-06-21,2023,6,June,21,4,Wednesday,25,2
20210623,2021-06-23,2021,6,June,23,4,Wednesday,25,2
20200624,2020-06-24,2020,6,June,24,4,Wednesday,25,2
20220622,2022-06-22,2022,6,June,22,4,Wednesday,25,2
20240626,2024-06-26,2024,6,June,26,4,Wednesday,25,2
20230628,2023-06-28,2023,6,June,28,4,Wednesday,26,2
20220629,2022-06-29,2022,6,June,29,4,Wednesday,26,2
20210630,2021-06-30,2021,6,June,30,4,Wednesday,26,2
20240703,2024-07-03,2024,7,July,3,4,Wednesday,26,3
20200701,2020-07-01,2020,7,July,1,4,Wednesday,26,3
20230705,2023-07-05,2023,7,July,5,4,Wednesday,27,3
20220706,2022-07-06,2022,7,July,6,4,Wednesday,27,3
20240710,2024-07-10,2024,7,July,10,4,Wednesday,27,3
20210707,2021-07-07,2021,7,July,7,4,Wednesday,27,3
20200708,2020-07-08,2020,7,July,8,4,Wednesday,27,3
20200715,2020-07-15,2020,7,July,15,4,Wednesday,28,3
20240717,2024-07-17,2024,7,July,17,4,Wednesday,28,3
20230712,2023-07-12,2023,7,July,12,4,Wednesday,28,3
20210714,2021-07-14,2021,7,July,14,4,Wednesday,28,3
20220713,2022-07-13,2022,7,July,13,4,Wednesday,28,3
20240724,2024-07-24,2024,7,July,24,4,Wednesday,29,3
20230719,2023-07-19,2023,7,July,19,4,Wednesday,29,3
20200722,2020-07-22,2020,7,July,22,4,Wednesday,29,3
20210721,2021-07-21,2021,7,July,21,4,Wednesday,29,3
20220720,2022-07-20,2022,7,July,20,4,Wednesday,29,3
20200729,2020-07-29,2020,7,July,29,4,Wednesday,30,3
20210728,2021-07-28,2021,7,July,28,4,Wednesday,30,3
20230726,2023-07-26,2023,7,July,26,4,Wednesday,30,3
20220727,2022-07-27,2022,7,July,27,4,Wednesday,30,3
20240731,2024-07-31,2024,7,July,31,4,Wednesday,30,3
20220803,2022-08-03,2022,8,August,3,4,Wednesday,31,3
20200805,2020-08-05,2020,8,August,5,4,Wednesday,31,3
20240807,2024-08-07,2024,8,August,7,4,Wednesday,31,3
20210804,2021-08-04,2021,8,August,4,4,Wednesday,31,3
20230802,2023-08-02,2023,8,August,2,4,Wednesday,31,3
20240814,2024-08-14,2024,8,August,14,4,Wednesday,32,3
20200812,2020-08-12,2020,8,August,12,4,Wednesday,32,3
20220810,2022-08-10,2022,8,August,10,4,Wednesday,32,3
20230809,2023-08-09,2023,8,August,9,4,Wednesday,32,3
20210811,2021-08-11,2021,8,August,11,4,Wednesday,32,3
20210818,2021-08-18,2021,8,August,18,4,Wednesday,33,3
20220817,2022-08-17,2022,8,August,17,4,Wednesday,33,3
20240821,2024-08-21,2024,8,August,21,4,Wednesday,33,3
20200819,2020-08-19,2020,8,August,19,4,Wednesday,33,3
20230816,2023-08-16,2023,8,August,16,4,Wednesday,33,3
20220824,2022-08-24,2022,8,August,24,4,Wednesday,34,3
20230823,2023-08-23,2023,8,August,23,4,Wednesday,34,3
20200826,2020-08-26,2020,8,August,26,4,Wednesday,34,3
20240828,2024-08-28,2024,8,August,28,4,Wednesday,34,3
20210825,2021-08-25,2021,8,August,25,4,Wednesday,34,3
20220831,2022-08-31,2022,8,August,31,4,Wednesday,35,3
20230830,2023-08-30,2023,8,August,30,4,Wednesday,35,3
20210901,2021-09-01,2021,9,September,1,4,Wednesday,35,3
20200902,2020-09-02,2020,9,September,2,4,Wednesday,35,3
20240904,2024-09-04,2024,9,September,4,4,Wednesday,35,3
20230906,2023-09-06,2023,9,September,6,4,Wednesday,36,3
20210908,2021-09-08,2021,9,September,8,4,Wednesday,36,3
20240911,2024-09-11,2024,9,September,11,4,Wednesday,36,3
20200909,2020-09-09,2020,9,September,9,4,Wednesday,36,3
20220907,2022-09-07,2022,9,September,7,4,Wednesday,36,3
20240918,2024-09-18,2024,9,September,18,4,Wednesday,37,3
20200916,2020-09-16,2020,9,September,16,4,Wednesday,37,3
20230913,2023-09-13,2023,9,September,13,4,Wednesday,37,3
20220914,2022-09-14,2022,9,September,14,4,Wednesday,37,3
20210915,2021-09-15,2021,9,September,15,4,Wednesday,37,3
20230920,2023-09-20,2023,9,September,20,4,Wednesday,38,3
20200923,2020-09-23,2020,9,September,23,4,Wednesday,38,3
20210922,2021-09-22,2021,9,September,22,4,Wednesday,38,3
20220921,2022-09-21,2022,9,September,21,4,Wednesday,38,3
20220928,2022-09-28,2022,9,September,28,4,Wednesday,39,3
20210929,2021-09-29,2021,9,September,29,4,Wednesday,39,3
20200930,2020-09-30,2020,9,September,30,4,Wednesday,39,3
20230927,2023-09-27,2023,9,September,27,4,Wednesday,39,3
20231004,2023-10-04,2023,10,October,4,4,Wednesday,40,4
20221005,2022-10-05,2022,10,October,5,4,Wednesday,40,4
20211006,2021-10-06,2021,10,October,6,4,Wednesday,40,4
20201007,2020-10-07,2020,10,October,7,4,Wednesday,40,4
20211013,2021-10-13,2021,10,October,13,4,Wednesday,41,4
20231011,2023-10-11,2023,10,October,11,4,Wednesday,41,4
20221012,2022-10-12,2022,10,October,12,4,Wednesday,41,4
20201014,2020-10-14,2020,10,October,14,4,Wednesday,41,4
20211020,2021-10-20,2021,10,October,20,4,Wednesday,42,4
20221019,2022-10-19,2022,10,October,19,4,Wednesday,42,4
20231018,2023-10-18,2023,10,October,18,4,Wednesday,42,4
20201021,2020-10-21,2020,10,October,21,4,Wednesday,42,4
20221026,2022-10-26,2022,10,October,26,4,Wednesday,43,4
20231025,2023-10-25,2023,10,October,25,4,Wednesday,43,4
20201028,2020-10-28,2020,10,October,28,4,Wednesday,43,4
20211027,2021-10-27,2021,10,October,27,4,Wednesday,43,4
20211103,2021-11-03,2021,11,November,3,4,Wednesday,44,4
20231101,2023-11-01,2023,11,November,1,4,Wednesday,44,4
20201104,2020-11-04,2020,11,November,4,4,Wednesday,44,4
20221102,2022-11-02,2022,11,November,2,4,Wednesday,44,4
20231108,2023-11-08,2023,11,November,8,4,Wednesday,45,4
20211110,2021-11-10,2021,11,November,10,4,Wednesday,45,4
20221109,2022-11-09,2022,11,November,9,4,Wednesday,45,4
20201111,2020-11-11,2020,11,November,11,4,Wednesday,45,4
20231115,2023-11-15,2023,11,November,15,4,Wednesday,46,4
20211117,2021-11-17,2021,11,November,17,4,Wednesday,46,4
20201118,2020-11-18,2020,11,November,18,4,Wednesday,46,4
20221116,2022-11-16,2022,11,November,16,4,Wednesday,46,4
20221123,2022-11-23,2022,11,November,23,4,Wednesday,47,4
20231122,2023-11-22,2023,11,November,22,4,Wednesday,47,4
20211124,2021-11-24,2021,11,November,24,4,Wednesday,47,4
20201125,2020-11-25,2020,11,November,25,4,Wednesday,47,4
20221130,2022-11-30,2022,11,November,30,4,Wednesday,48,4
20231129,2023-11-29,2023,11,November,29,4,Wednesday,48,4
20211201,2021-12-01,2021,12,December,1,4,Wednesday,48,4
20201202,2020-12-02,2020,12,December,2,4,Wednesday,48,4
20211208,2021-12-08,2021,12,December,8,4,Wednesday,49,4
20231206,2023-12-06,2023,12,December,6,4,Wednesday,49,4
20221207,2022-12-07,2022,12,December,7,4,Wednesday,49,4
20201209,2020-12-09,2020,12,December,9,4,Wednesday,49,4
20221214,2022-12-14,2022,12,December,14,4,Wednesday,50,4
20231213,2023-12-13,2023,12,December,13,4,Wednesday,50,4
20211215,2021-12-15,2021,12,December,15,4,Wednesday,50,4
20201216,2020-12-16,2020,12,December,16,4,Wednesday,50,4
20221221,2022-12-21,2022,12,December,21,4,Wednesday,51,4
20231220,2023-12-20,2023,12,December,20,4,Wednesday,51,4
20201223,2020-12-23,2020,12,December,23,4,Wednesday,51,4
20211222,2021-12-22,2021,12,December,22,4,Wednesday,51,4
20201230,2020-12-30,2020,12,December,30,4,Wednesday,52,4
20221228,2022-12-28,2022,12,December,28,4,Wednesday,52,4
20231227,2023-12-27,2023,12,December,27,4,Wednesday,52,4
20211229,2021-12-29,2021,12,December,29,4,Wednesday,52,4
20240927,2024-09-27,2024,9,September,27,6,Friday,38,3
20240926,2024-09-26,2024,9,September,26,5,Thursday,38,3
20240925,2024-09-25,2024,9,September,25,4,Wednesday,38,3
20240930,2024-09-30,2024,9,September,30,2,Monday,39,3
20241001,2024-10-01,2024,10,October,1,3,Tuesday,39,4
